,subdivision_id,division_id,name,local_name,country_id
49137,1822,56193,Banda Aceh,Banda Aceh,102
49138,1822,56223,Bireun,Bireun,102
49139,1822,56307,Kabupaten Aceh Barat,Kabupaten Aceh Barat,102
49140,1822,56308,Kabupaten Aceh Barat Daya,Kabupaten Aceh Barat Daya,102
49141,1822,56309,Kabupaten Aceh Besar,Kabupaten Aceh Besar,102
49142,1822,56310,Kabupaten Aceh Jaya,Kabupaten Aceh Jaya,102
49143,1822,56311,Kabupaten Aceh Selatan,Kabupaten Aceh Selatan,102
49144,1822,56312,Kabupaten Aceh Singkil,Kabupaten Aceh Singkil,102
49145,1822,56313,Kabupaten Aceh Tamiang,Kabupaten Aceh Tamiang,102
49146,1822,56314,Kabupaten Aceh Tengah,Kabupaten Aceh Tengah,102
49147,1822,56315,Kabupaten Aceh Tenggara,Kabupaten Aceh Tenggara,102
49148,1822,56316,Kabupaten Aceh Timur,Kabupaten Aceh Timur,102
49149,1822,56317,Kabupaten Aceh Utara,Kabupaten Aceh Utara,102
49150,1822,56353,Kabupaten Bener Meriah,Kabupaten Bener Meriah,102
49151,1822,56362,Kabupaten Bireuen,Kabupaten Bireuen,102
49152,1822,56408,Kabupaten Gayo Lues,Kabupaten Gayo Lues,102
49153,1822,56552,Kabupaten Nagan Raya,Kabupaten Nagan Raya,102
49154,1822,56593,Kabupaten Pidie,Kabupaten Pidie,102
49155,1822,56634,Kabupaten Simeulue,Kabupaten Simeulue,102
49156,1822,56729,Kota Banda Aceh,Kota Banda Aceh,102
49157,1822,56761,Kota Langsa,Kota Langsa,102
49158,1822,56762,Kota Lhokseumawe,Kota Lhokseumawe,102
49159,1822,56791,Kota Sabang,Kota Sabang,102
49160,1822,56800,Kota Subulussalam,Kota Subulussalam,102
49161,1822,56837,Langsa,Langsa,102
49162,1822,56844,Lhokseumawe,Lhokseumawe,102
49163,1822,56872,Meulaboh,Meulaboh,102
49164,1822,56955,Reuleuet,Reuleuet,102
49165,1822,56957,Sabang,Sabang,102
49166,1822,56976,Sigli,Sigli,102
49167,1822,56979,Sinabang,Sinabang,102
49168,1822,56982,Singkil,Singkil,102
49169,1826,56179,Amlapura,Amlapura,102
49170,1826,56180,Amlapura city,Amlapura city,102
49171,1826,56200,Banjar,Banjar,102
49172,1826,56201,Banjar Wangsian,Banjar Wangsian,102
49173,1826,56213,Bedugul,Bedugul,102
49174,1826,56263,Denpasar,Denpasar,102
49175,1826,56302,Jimbaran,Jimbaran,102
49176,1826,56322,Kabupaten Badung,Kabupaten Badung,102
49177,1826,56334,Kabupaten Bangli,Kabupaten Bangli,102
49178,1826,56379,Kabupaten Buleleng,Kabupaten Buleleng,102
49179,1826,56409,Kabupaten Gianyar,Kabupaten Gianyar,102
49180,1826,56431,Kabupaten Jembrana,Kabupaten Jembrana,102
49181,1826,56438,Kabupaten Karang Asem,Kabupaten Karang Asem,102
49182,1826,56460,Kabupaten Klungkung,Kabupaten Klungkung,102
49183,1826,56658,Kabupaten Tabanan,Kabupaten Tabanan,102
49184,1826,56720,Klungkung,Klungkung,102
49185,1826,56750,Kota Denpasar,Kota Denpasar,102
49186,1826,56827,Kuta,Kuta,102
49187,1826,56841,Legian,Legian,102
49188,1826,56846,Lovina,Lovina,102
49189,1826,56879,Munduk,Munduk,102
49190,1826,56884,Negara,Negara,102
49191,1826,56890,Nusa Dua,Nusa Dua,102
49192,1826,56970,Seririt,Seririt,102
49193,1826,56981,Singaraja,Singaraja,102
49194,1826,57013,Tabanan,Tabanan,102
49195,1826,57046,Ubud,Ubud,102
49196,1810,56257,Curug,Curug,102
49197,1810,56491,Kabupaten Lebak,Kabupaten Lebak,102
49198,1810,56574,Kabupaten Pandeglang,Kabupaten Pandeglang,102
49199,1810,56623,Kabupaten Serang,Kabupaten Serang,102
49200,1810,56666,Kabupaten Tangerang,Kabupaten Tangerang,102
49201,1810,56747,Kota Cilegon,Kota Cilegon,102
49202,1810,56796,Kota Serang,Kota Serang,102
49203,1810,56805,Kota Tangerang,Kota Tangerang,102
49204,1810,56806,Kota Tangerang Selatan,Kota Tangerang Selatan,102
49205,1810,56829,Labuan,Labuan,102
49206,1810,56909,Pandeglang,Pandeglang,102
49207,1810,56950,Rangkasbitung,Rangkasbitung,102
49208,1810,56969,Serang,Serang,102
49209,1810,56996,South Tangerang,South Tangerang,102
49210,1810,57014,Tangerang,Tangerang,102
49211,1793,56217,Bengkulu,Bengkulu,102
49212,1793,56258,Curup,Curup,102
49213,1793,56355,Kabupaten Bengkulu Selatan,Kabupaten Bengkulu Selatan,102
49214,1793,56356,Kabupaten Bengkulu Tengah,Kabupaten Bengkulu Tengah,102
49215,1793,56357,Kabupaten Bengkulu Utara,Kabupaten Bengkulu Utara,102
49216,1793,56444,Kabupaten Kaur,Kabupaten Kaur,102
49217,1793,56449,Kabupaten Kepahiang,Kabupaten Kepahiang,102
49218,1793,56492,Kabupaten Lebong,Kabupaten Lebong,102
49219,1793,56544,Kabupaten Mukomuko,Kabupaten Mukomuko,102
49220,1793,56609,Kabupaten Rejang Lebong,Kabupaten Rejang Lebong,102
49221,1793,56619,Kabupaten Seluma,Kabupaten Seluma,102
49222,1793,56739,Kota Bengkulu,Kota Bengkulu,102
49223,1829,56192,Bambanglipuro,Bambanglipuro,102
49224,1829,56204,Bantul,Bantul,102
49225,1829,56264,Depok,Depok,102
49226,1829,56276,Gamping Lor,Gamping Lor,102
49227,1829,56282,Godean,Godean,102
49228,1829,56338,Kabupaten Bantul,Kabupaten Bantul,102
49229,1829,56414,Kabupaten Gunung Kidul,Kabupaten Gunung Kidul,102
49230,1829,56473,Kabupaten Kulon Progo,Kabupaten Kulon Progo,102
49231,1829,56637,Kabupaten Sleman,Kabupaten Sleman,102
49232,1829,56702,Kasihan,Kasihan,102
49233,1829,56816,Kota Yogyakarta,Kota Yogyakarta,102
49234,1829,56868,Melati,Melati,102
49235,1829,56908,Pandak,Pandak,102
49236,1829,56943,Pundong,Pundong,102
49237,1829,56972,Sewon,Sewon,102
49238,1829,56988,Sleman,Sleman,102
49239,1829,56998,Srandakan,Srandakan,102
49240,1829,57061,Yogyakarta,Yogyakarta,102
49241,1805,56293,Jakarta,Jakarta,102
49242,1805,56722,Kota Administrasi Jakarta Barat,Kota Administrasi Jakarta Barat,102
49243,1805,56723,Kota Administrasi Jakarta Pusat,Kota Administrasi Jakarta Pusat,102
49244,1805,56724,Kota Administrasi Jakarta Selatan,Kota Administrasi Jakarta Selatan,102
49245,1805,56725,Kota Administrasi Jakarta Timur,Kota Administrasi Jakarta Timur,102
49246,1805,56726,Kota Administrasi Jakarta Utara,Kota Administrasi Jakarta Utara,102
49247,1812,56285,Gorontalo,Gorontalo,102
49248,1812,56365,Kabupaten Boalemo,Kabupaten Boalemo,102
49249,1812,56375,Kabupaten Bone Bolango,Kabupaten Bone Bolango,102
49250,1812,56410,Kabupaten Gorontalo,Kabupaten Gorontalo,102
49251,1812,56411,Kabupaten Gorontalo Utara,Kabupaten Gorontalo Utara,102
49252,1812,56595,Kabupaten Pohuwato,Kabupaten Pohuwato,102
49253,1812,56753,Kota Gorontalo,Kota Gorontalo,102
49254,1815,56214,Bejubang Dua,Bejubang Dua,102
49255,1815,56294,Jambi City,Jambi City,102
49256,1815,56347,Kabupaten Batang Hari,Kabupaten Batang Hari,102
49257,1815,56382,Kabupaten Bungo,Kabupaten Bungo,102
49258,1815,56458,Kabupaten Kerinci,Kabupaten Kerinci,102
49259,1815,56532,Kabupaten Merangin,Kabupaten Merangin,102
49260,1815,56543,Kabupaten Muaro Jambi,Kabupaten Muaro Jambi,102
49261,1815,56618,Kabupaten Sarolangun,Kabupaten Sarolangun,102
49262,1815,56668,Kabupaten Tanjung Jabung Barat,Kabupaten Tanjung Jabung Barat,102
49263,1815,56669,Kabupaten Tanjung Jabung Timur,Kabupaten Tanjung Jabung Timur,102
49264,1815,56675,Kabupaten Tebo,Kabupaten Tebo,102
49265,1815,56755,Kota Jambi,Kota Jambi,102
49266,1815,56802,Kota Sungai Penuh,Kota Sungai Penuh,102
49267,1815,56822,Kuala Tungkal,Kuala Tungkal,102
49268,1815,56869,Mendaha,Mendaha,102
49269,1815,56978,Simpang,Simpang,102
49270,1815,57008,Sungai Penuh,Sungai Penuh,102
49271,1825,56182,Arjawinangun,Arjawinangun,102
49272,1825,56183,Astanajapura,Astanajapura,102
49273,1825,56196,Bandung,Bandung,102
49274,1825,56199,Banjar,Banjar,102
49275,1825,56202,Banjaran,Banjaran,102
49276,1825,56215,Bekasi,Bekasi,102
49277,1825,56226,Bogor,Bogor,102
49278,1825,56237,Caringin,Caringin,102
49279,1825,56240,Ciamis,Ciamis,102
49280,1825,56241,Ciampea,Ciampea,102
49281,1825,56242,Cibinong,Cibinong,102
49282,1825,56243,Cicurug,Cicurug,102
49283,1825,56244,Cikampek,Cikampek,102
49284,1825,56245,Cikarang,Cikarang,102
49285,1825,56246,Cikupa,Cikupa,102
49286,1825,56247,Cileungsir,Cileungsir,102
49287,1825,56248,Cileunyi,Cileunyi,102
49288,1825,56249,Cimahi,Cimahi,102
49289,1825,56250,Ciputat,Ciputat,102
49290,1825,56251,Ciranjang-hilir,Ciranjang-hilir,102
49291,1825,56252,Cirebon,Cirebon,102
49292,1825,56253,Citeureup,Citeureup,102
49293,1825,56265,Depok,Depok,102
49294,1825,56291,Indramayu,Indramayu,102
49295,1825,56296,Jatibarang,Jatibarang,102
49296,1825,56298,Jatiwangi,Jatiwangi,102
49297,1825,56324,Kabupaten Bandung,Kabupaten Bandung,102
49298,1825,56325,Kabupaten Bandung Barat,Kabupaten Bandung Barat,102
49299,1825,56349,Kabupaten Bekasi,Kabupaten Bekasi,102
49300,1825,56366,Kabupaten Bogor,Kabupaten Bogor,102
49301,1825,56390,Kabupaten Ciamis,Kabupaten Ciamis,102
49302,1825,56391,Kabupaten Cianjur,Kabupaten Cianjur,102
49303,1825,56393,Kabupaten Cirebon,Kabupaten Cirebon,102
49304,1825,56407,Kabupaten Garut,Kabupaten Garut,102
49305,1825,56426,Kabupaten Indramayu,Kabupaten Indramayu,102
49306,1825,56440,Kabupaten Karawang,Kabupaten Karawang,102
49307,1825,56474,Kabupaten Kuningan,Kabupaten Kuningan,102
49308,1825,56508,Kabupaten Majalengka,Kabupaten Majalengka,102
49309,1825,56575,Kabupaten Pangandaran,Kabupaten Pangandaran,102
49310,1825,56606,Kabupaten Purwakarta,Kabupaten Purwakarta,102
49311,1825,56644,Kabupaten Subang,Kabupaten Subang,102
49312,1825,56645,Kabupaten Sukabumi,Kabupaten Sukabumi,102
49313,1825,56654,Kabupaten Sumedang,Kabupaten Sumedang,102
49314,1825,56674,Kabupaten Tasikmalaya,Kabupaten Tasikmalaya,102
49315,1825,56698,Karangampel,Karangampel,102
49316,1825,56700,Karangsembung,Karangsembung,102
49317,1825,56704,Kawalu,Kawalu,102
49318,1825,56718,Klangenan,Klangenan,102
49319,1825,56731,Kota Bandung,Kota Bandung,102
49320,1825,56732,Kota Banjar,Kota Banjar,102
49321,1825,56738,Kota Bekasi,Kota Bekasi,102
49322,1825,56744,Kota Bogor,Kota Bogor,102
49323,1825,56748,Kota Cimahi,Kota Cimahi,102
49324,1825,56749,Kota Cirebon,Kota Cirebon,102
49325,1825,56751,Kota Depok,Kota Depok,102
49326,1825,56801,Kota Sukabumi,Kota Sukabumi,102
49327,1825,56809,Kota Tasikmalaya,Kota Tasikmalaya,102
49328,1825,56819,Kresek,Kresek,102
49329,1825,56825,Kuningan,Kuningan,102
49330,1825,56842,Lembang,Lembang,102
49331,1825,56852,Majalengka,Majalengka,102
49332,1825,56861,Margahayukencana,Margahayukencana,102
49333,1825,56886,Ngawi,Ngawi,102
49334,1825,56892,Padalarang,Padalarang,102
49335,1825,56899,Palimanan,Palimanan,102
49336,1825,56902,Pamanukan,Pamanukan,102
49337,1825,56904,Pameungpeuk,Pameungpeuk,102
49338,1825,56905,Pamulang,Pamulang,102
49339,1825,56918,Parung,Parung,102
49340,1825,56919,Pasarkemis,Pasarkemis,102
49341,1825,56920,Paseh,Paseh,102
49342,1825,56928,Pelabuhanratu,Pelabuhanratu,102
49343,1825,56934,Plumbon,Plumbon,102
49344,1825,56945,Purwakarta,Purwakarta,102
49345,1825,56948,Rajapolah,Rajapolah,102
49346,1825,56954,Rengasdengklok,Rengasdengklok,102
49347,1825,56962,Sawangan,Sawangan,102
49348,1825,56968,Sepatan,Sepatan,102
49349,1825,56971,Serpong,Serpong,102
49350,1825,56980,Singaparna,Singaparna,102
49351,1825,56994,Soreang,Soreang,102
49352,1825,57001,Sukabumi,Sukabumi,102
49353,1825,57003,Sumber,Sumber,102
49354,1825,57005,Sumedang,Sumedang,102
49355,1825,57006,Sumedang Utara,Sumedang Utara,102
49356,1825,57025,Tasikmalaya,Tasikmalaya,102
49357,1825,57030,Teluknaga,Teluknaga,102
49358,1825,57050,Wanaraja,Wanaraja,102
49359,1825,57056,Weru,Weru,102
49360,1802,56174,Adiwerna,Adiwerna,102
49361,1802,56176,Ambarawa,Ambarawa,102
49362,1802,56186,Baekrajan,Baekrajan,102
49363,1802,56187,Baki,Baki,102
49364,1802,56189,Balapulang,Balapulang,102
49365,1802,56205,Banyumas,Banyumas,102
49366,1802,56209,Batang,Batang,102
49367,1802,56211,Baturaden,Baturaden,102
49368,1802,56225,Blora,Blora,102
49369,1802,56230,Boyolali,Boyolali,102
49370,1802,56232,Buaran,Buaran,102
49371,1802,56235,Bulakamba,Bulakamba,102
49372,1802,56236,Candi Prambanan,Candi Prambanan,102
49373,1802,56238,Ceper,Ceper,102
49374,1802,56239,Cepu,Cepu,102
49375,1802,56255,Colomadu,Colomadu,102
49376,1802,56256,Comal,Comal,102
49377,1802,56260,Delanggu,Delanggu,102
49378,1802,56262,Demak,Demak,102
49379,1802,56269,Dukuhturi,Dukuhturi,102
49380,1802,56277,Gatak,Gatak,102
49381,1802,56278,Gebog,Gebog,102
49382,1802,56283,Gombong,Gombong,102
49383,1802,56288,Grogol,Grogol,102
49384,1802,56289,Gunung Kendil,Gunung Kendil,102
49385,1802,56295,Jaten,Jaten,102
49386,1802,56297,Jatiroto,Jatiroto,102
49387,1802,56300,Jekulo,Jekulo,102
49388,1802,56303,Jogonalan,Jogonalan,102
49389,1802,56305,Juwana,Juwana,102
49390,1802,56336,Kabupaten Banjarnegara,Kabupaten Banjarnegara,102
49391,1802,56339,Kabupaten Banyumas,Kabupaten Banyumas,102
49392,1802,56346,Kabupaten Batang,Kabupaten Batang,102
49393,1802,56364,Kabupaten Blora,Kabupaten Blora,102
49394,1802,56377,Kabupaten Boyolali,Kabupaten Boyolali,102
49395,1802,56378,Kabupaten Brebes,Kabupaten Brebes,102
49396,1802,56392,Kabupaten Cilacap,Kabupaten Cilacap,102
49397,1802,56397,Kabupaten Demak,Kabupaten Demak,102
49398,1802,56413,Kabupaten Grobogan,Kabupaten Grobogan,102
49399,1802,56433,Kabupaten Jepara,Kabupaten Jepara,102
49400,1802,56439,Kabupaten Karanganyar,Kabupaten Karanganyar,102
49401,1802,56445,Kabupaten Kebumen,Kabupaten Kebumen,102
49402,1802,56448,Kabupaten Kendal,Kabupaten Kendal,102
49403,1802,56459,Kabupaten Klaten,Kabupaten Klaten,102
49404,1802,56472,Kabupaten Kudus,Kabupaten Kudus,102
49405,1802,56505,Kabupaten Magelang,Kabupaten Magelang,102
49406,1802,56583,Kabupaten Pati,Kabupaten Pati,102
49407,1802,56585,Kabupaten Pekalongan,Kabupaten Pekalongan,102
49408,1802,56587,Kabupaten Pemalang,Kabupaten Pemalang,102
49409,1802,56605,Kabupaten Purbalingga,Kabupaten Purbalingga,102
49410,1802,56607,Kabupaten Purworejo,Kabupaten Purworejo,102
49411,1802,56610,Kabupaten Rembang,Kabupaten Rembang,102
49412,1802,56620,Kabupaten Semarang,Kabupaten Semarang,102
49413,1802,56643,Kabupaten Sragen,Kabupaten Sragen,102
49414,1802,56647,Kabupaten Sukoharjo,Kabupaten Sukoharjo,102
49415,1802,56676,Kabupaten Tegal,Kabupaten Tegal,102
49416,1802,56679,Kabupaten Temanggung,Kabupaten Temanggung,102
49417,1802,56692,Kabupaten Wonogiri,Kabupaten Wonogiri,102
49418,1802,56693,Kabupaten Wonosobo,Kabupaten Wonosobo,102
49419,1802,56699,Karanganom,Karanganom,102
49420,1802,56701,Kartasura,Kartasura,102
49421,1802,56706,Kebonarun,Kebonarun,102
49422,1802,56709,Kedungwuni,Kedungwuni,102
49423,1802,56715,Ketanggungan,Ketanggungan,102
49424,1802,56719,Klaten,Klaten,102
49425,1802,56765,Kota Magelang,Kota Magelang,102
49426,1802,56786,Kota Pekalongan,Kota Pekalongan,102
49427,1802,56792,Kota Salatiga,Kota Salatiga,102
49428,1802,56795,Kota Semarang,Kota Semarang,102
49429,1802,56804,Kota Surakarta,Kota Surakarta,102
49430,1802,56811,Kota Tegal,Kota Tegal,102
49431,1802,56821,Kroya,Kroya,102
49432,1802,56824,Kudus,Kudus,102
49433,1802,56828,Kutoarjo,Kutoarjo,102
49434,1802,56838,Lasem,Lasem,102
49435,1802,56840,Lebaksiu,Lebaksiu,102
49436,1802,56851,Magelang,Magelang,102
49437,1802,56853,Majenang,Majenang,102
49438,1802,56862,Margasari,Margasari,102
49439,1802,56870,Mertoyudan,Mertoyudan,102
49440,1802,56873,Mlonggo,Mlonggo,102
49441,1802,56877,Mranggen,Mranggen,102
49442,1802,56880,Muntilan,Muntilan,102
49443,1802,56887,Ngemplak,Ngemplak,102
49444,1802,56922,Pati,Pati,102
49445,1802,56924,Pecangaan,Pecangaan,102
49446,1802,56925,Pekalongan,Pekalongan,102
49447,1802,56929,Pemalang,Pemalang,102
49448,1802,56944,Purbalingga,Purbalingga,102
49449,1802,56946,Purwodadi,Purwodadi,102
49450,1802,56947,Purwokerto,Purwokerto,102
49451,1802,56949,Randudongkal,Randudongkal,102
49452,1802,56953,Rembangan,Rembangan,102
49453,1802,56958,Salatiga,Salatiga,102
49454,1802,56964,Selogiri,Selogiri,102
49455,1802,56965,Semarang,Semarang,102
49456,1802,56974,Sidareja,Sidareja,102
49457,1802,56987,Slawi,Slawi,102
49458,1802,56991,Sokaraja,Sokaraja,102
49459,1802,56997,Sragen,Sragen,102
49460,1802,57012,Surakarta,Surakarta,102
49461,1802,57024,Tarub,Tarub,102
49462,1802,57026,Tayu,Tayu,102
49463,1802,57028,Tegal,Tegal,102
49464,1802,57040,Trucuk,Trucuk,102
49465,1802,57047,Ungaran,Ungaran,102
49466,1802,57051,Wangon,Wangon,102
49467,1802,57053,Wedi,Wedi,102
49468,1802,57054,Welahan,Welahan,102
49469,1802,57055,Weleri,Weleri,102
49470,1802,57057,Wiradesa,Wiradesa,102
49471,1802,57059,Wonopringgo,Wonopringgo,102
49472,1802,57060,Wonosobo,Wonosobo,102
49473,1827,56185,Babat,Babat,102
49474,1827,56191,Balung,Balung,102
49475,1827,56197,Bangil,Bangil,102
49476,1827,56198,Bangkalan,Bangkalan,102
49477,1827,56206,Banyuwangi,Banyuwangi,102
49478,1827,56210,Batu,Batu,102
49479,1827,56219,Besuki,Besuki,102
49480,1827,56224,Blitar,Blitar,102
49481,1827,56227,Bojonegoro,Bojonegoro,102
49482,1827,56228,Bondowoso,Bondowoso,102
49483,1827,56231,Boyolangu,Boyolangu,102
49484,1827,56233,Buduran,Buduran,102
49485,1827,56259,Dampit,Dampit,102
49486,1827,56266,Diwek,Diwek,102
49487,1827,56268,Driyorejo,Driyorejo,102
49488,1827,56274,Gambiran Satu,Gambiran Satu,102
49489,1827,56275,Gampengrejo,Gampengrejo,102
49490,1827,56279,Gedangan,Gedangan,102
49491,1827,56280,Genteng,Genteng,102
49492,1827,56284,Gongdanglegi Kulon,Gongdanglegi Kulon,102
49493,1827,56286,Gresik,Gresik,102
49494,1827,56287,Gresik Regency,Gresik Regency,102
49495,1827,56301,Jember,Jember,102
49496,1827,56304,Jombang,Jombang,102
49497,1827,56333,Kabupaten Bangkalan,Kabupaten Bangkalan,102
49498,1827,56340,Kabupaten Banyuwangi,Kabupaten Banyuwangi,102
49499,1827,56363,Kabupaten Blitar,Kabupaten Blitar,102
49500,1827,56367,Kabupaten Bojonegoro,Kabupaten Bojonegoro,102
49501,1827,56373,Kabupaten Bondowoso,Kabupaten Bondowoso,102
49502,1827,56430,Kabupaten Jember,Kabupaten Jember,102
49503,1827,56434,Kabupaten Jombang,Kabupaten Jombang,102
49504,1827,56446,Kabupaten Kediri,Kabupaten Kediri,102
49505,1827,56483,Kabupaten Lamongan,Kabupaten Lamongan,102
49506,1827,56500,Kabupaten Lumajang,Kabupaten Lumajang,102
49507,1827,56504,Kabupaten Madiun,Kabupaten Madiun,102
49508,1827,56506,Kabupaten Magetan,Kabupaten Magetan,102
49509,1827,56511,Kabupaten Malang,Kabupaten Malang,102
49510,1827,56540,Kabupaten Mojokerto,Kabupaten Mojokerto,102
49511,1827,56557,Kabupaten Nganjuk,Kabupaten Nganjuk,102
49512,1827,56558,Kabupaten Ngawi,Kabupaten Ngawi,102
49513,1827,56568,Kabupaten Pacitan,Kabupaten Pacitan,102
49514,1827,56573,Kabupaten Pamekasan,Kabupaten Pamekasan,102
49515,1827,56582,Kabupaten Pasuruan,Kabupaten Pasuruan,102
49516,1827,56597,Kabupaten Ponorogo,Kabupaten Ponorogo,102
49517,1827,56600,Kabupaten Probolinggo,Kabupaten Probolinggo,102
49518,1827,56616,Kabupaten Sampang,Kabupaten Sampang,102
49519,1827,56629,Kabupaten Sidoarjo,Kabupaten Sidoarjo,102
49520,1827,56636,Kabupaten Situbondo,Kabupaten Situbondo,102
49521,1827,56655,Kabupaten Sumenep,Kabupaten Sumenep,102
49522,1827,56685,Kabupaten Trenggalek,Kabupaten Trenggalek,102
49523,1827,56686,Kabupaten Tuban,Kabupaten Tuban,102
49524,1827,56688,Kabupaten Tulungagung,Kabupaten Tulungagung,102
49525,1827,56696,Kalianget,Kalianget,102
49526,1827,56697,Kamal,Kamal,102
49527,1827,56705,Kebomas,Kebomas,102
49528,1827,56707,Kediri,Kediri,102
49529,1827,56708,Kedungwaru,Kedungwaru,102
49530,1827,56711,Kencong,Kencong,102
49531,1827,56713,Kepanjen,Kepanjen,102
49532,1827,56714,Kertosono,Kertosono,102
49533,1827,56736,Kota Batu,Kota Batu,102
49534,1827,56743,Kota Blitar,Kota Blitar,102
49535,1827,56757,Kota Kediri,Kota Kediri,102
49536,1827,56764,Kota Madiun,Kota Madiun,102
49537,1827,56767,Kota Malang,Kota Malang,102
49538,1827,56772,Kota Mojokerto,Kota Mojokerto,102
49539,1827,56784,Kota Pasuruan,Kota Pasuruan,102
49540,1827,56790,Kota Probolinggo,Kota Probolinggo,102
49541,1827,56803,Kota Surabaya,Kota Surabaya,102
49542,1827,56818,Kraksaan,Kraksaan,102
49543,1827,56820,Krian,Krian,102
49544,1827,56836,Lamongan,Lamongan,102
49545,1827,56839,Lawang,Lawang,102
49546,1827,56848,Lumajang,Lumajang,102
49547,1827,56850,Madiun,Madiun,102
49548,1827,56856,Malang,Malang,102
49549,1827,56874,Mojoagung,Mojoagung,102
49550,1827,56875,Mojokerto,Mojokerto,102
49551,1827,56878,Muncar,Muncar,102
49552,1827,56885,Nganjuk,Nganjuk,102
49553,1827,56888,Ngoro,Ngoro,102
49554,1827,56889,Ngunut,Ngunut,102
49555,1827,56891,Paciran,Paciran,102
49556,1827,56896,Pakisaji,Pakisaji,102
49557,1827,56903,Pamekasan,Pamekasan,102
49558,1827,56906,Panarukan,Panarukan,102
49559,1827,56907,Pandaan,Pandaan,102
49560,1827,56913,Panji,Panji,102
49561,1827,56915,Pare,Pare,102
49562,1827,56921,Pasuruan,Pasuruan,102
49563,1827,56936,Ponorogo,Ponorogo,102
49564,1827,56941,Prigen,Prigen,102
49565,1827,56942,Probolinggo,Probolinggo,102
49566,1827,56960,Sampang,Sampang,102
49567,1827,56975,Sidoarjo,Sidoarjo,102
49568,1827,56983,Singojuruh,Singojuruh,102
49569,1827,56984,Singosari,Singosari,102
49570,1827,56986,Situbondo,Situbondo,102
49571,1827,56992,Soko,Soko,102
49572,1827,56999,Srono,Srono,102
49573,1827,57004,Sumberpucung,Sumberpucung,102
49574,1827,57007,Sumenep,Sumenep,102
49575,1827,57011,Surabaya,Surabaya,102
49576,1827,57015,Tanggul,Tanggul,102
49577,1827,57016,Tanggulangin,Tanggulangin,102
49578,1827,57039,Trenggalek,Trenggalek,102
49579,1827,57042,Tuban,Tuban,102
49580,1827,57044,Tulangan Utara,Tulangan Utara,102
49581,1827,57045,Tulungagung,Tulungagung,102
49582,1827,57058,Wongsorejo,Wongsorejo,102
49583,1806,150090,Bengkayang,Bengkayang,102
49584,1806,150091,Kapuas Hulu,Kapuas Hulu,102
49585,1806,150092,Kayong Utara,Kayong Utara,102
49586,1806,150093,Ketapang,Ketapang,102
49587,1806,150094,Kubu Raya,Kubu Raya,102
49588,1806,150095,Landak,Landak,102
49589,1806,150096,Manismata,Manismata,102
49590,1806,150097,Melawi,Melawi,102
49591,1806,150098,Mempawah,Mempawah,102
49592,1806,150099,Pemangkat,Pemangkat,102
49593,1806,150100,Pontianak,Pontianak,102
49594,1806,150101,Sambas,Sambas,102
49595,1806,150102,Sanggau,Sanggau,102
49596,1806,150103,Sekadau,Sekadau,102
49597,1806,150104,Singkawang,Singkawang,102
49598,1806,150105,Sintang,Sintang,102
49599,1819,56181,Amuntai,Amuntai,102
49600,1819,56203,Banjarmasin,Banjarmasin,102
49601,1819,56207,Barabai,Barabai,102
49602,1819,56323,Kabupaten Balangan,Kabupaten Balangan,102
49603,1819,56335,Kabupaten Banjar,Kabupaten Banjar,102
49604,1819,56341,Kabupaten Barito Kuala,Kabupaten Barito Kuala,102
49605,1819,56420,Kabupaten Hulu Sungai Selatan,Kabupaten Hulu Sungai Selatan,102
49606,1819,56421,Kabupaten Hulu Sungai Tengah,Kabupaten Hulu Sungai Tengah,102
49607,1819,56422,Kabupaten Hulu Sungai Utara,Kabupaten Hulu Sungai Utara,102
49608,1819,56468,Kabupaten Kota Baru,Kabupaten Kota Baru,102
49609,1819,56657,Kabupaten Tabalong,Kabupaten Tabalong,102
49610,1819,56663,Kabupaten Tanah Bumbu,Kabupaten Tanah Bumbu,102
49611,1819,56665,Kabupaten Tanah Laut,Kabupaten Tanah Laut,102
49612,1819,56673,Kabupaten Tapin,Kabupaten Tapin,102
49613,1819,56733,Kota Banjar Baru,Kota Banjar Baru,102
49614,1819,56734,Kota Banjarmasin,Kota Banjarmasin,102
49615,1819,56864,Martapura,Martapura,102
49616,1794,56342,Kabupaten Barito Selatan,Kabupaten Barito Selatan,102
49617,1794,56343,Kabupaten Barito Timur,Kabupaten Barito Timur,102
49618,1794,56344,Kabupaten Barito Utara,Kabupaten Barito Utara,102
49619,1794,56415,Kabupaten Gunung Mas,Kabupaten Gunung Mas,102
49620,1794,56437,Kabupaten Kapuas,Kabupaten Kapuas,102
49621,1794,56443,Kabupaten Katingan,Kabupaten Katingan,102
49622,1794,56469,Kabupaten Kotawaringin Barat,Kabupaten Kotawaringin Barat,102
49623,1794,56470,Kabupaten Kotawaringin Timur,Kabupaten Kotawaringin Timur,102
49624,1794,56482,Kabupaten Lamandau,Kabupaten Lamandau,102
49625,1794,56547,Kabupaten Murung Raya,Kabupaten Murung Raya,102
49626,1794,56601,Kabupaten Pulang Pisau,Kabupaten Pulang Pisau,102
49627,1794,56625,Kabupaten Seruyan,Kabupaten Seruyan,102
49628,1794,56646,Kabupaten Sukamara,Kabupaten Sukamara,102
49629,1794,56777,Kota Palangka Raya,Kota Palangka Raya,102
49630,1794,56823,Kualakapuas,Kualakapuas,102
49631,1794,56897,Palangkaraya,Palangkaraya,102
49632,1794,56911,Pangkalanbuun,Pangkalanbuun,102
49633,1794,56961,Sampit,Sampit,102
49634,1804,56190,Balikpapan,Balikpapan,102
49635,1804,56229,Bontang,Bontang,102
49636,1804,56254,City of Balikpapan,City of Balikpapan,102
49637,1804,56358,Kabupaten Berau,Kabupaten Berau,102
49638,1804,56476,Kabupaten Kutai Barat,Kabupaten Kutai Barat,102
49639,1804,56477,Kabupaten Kutai Kartanegara,Kabupaten Kutai Kartanegara,102
49640,1804,56478,Kabupaten Kutai Timur,Kabupaten Kutai Timur,102
49641,1804,56507,Kabupaten Mahakam Hulu,Kabupaten Mahakam Hulu,102
49642,1804,56581,Kabupaten Paser,Kabupaten Paser,102
49643,1804,56588,Kabupaten Penajam Paser Utara,Kabupaten Penajam Paser Utara,102
49644,1804,56728,Kota Balikpapan,Kota Balikpapan,102
49645,1804,56745,Kota Bontang,Kota Bontang,102
49646,1804,56793,Kota Samarinda,Kota Samarinda,102
49647,1804,56845,Loa Janan,Loa Janan,102
49648,1804,56959,Samarinda,Samarinda,102
49649,1824,56381,Kabupaten Bulungan,Kabupaten Bulungan,102
49650,1824,56512,Kabupaten Malinau,Kabupaten Malinau,102
49651,1824,56562,Kabupaten Nunukan,Kabupaten Nunukan,102
49652,1824,56661,Kabupaten Tana Tidung,Kabupaten Tana Tidung,102
49653,1824,57019,Tanjung Selor,Tanjung Selor,102
49654,1824,57023,Tarakan,Tarakan,102
49655,1820,56329,Kabupaten Bangka,Kabupaten Bangka,102
49656,1820,56330,Kabupaten Bangka Barat,Kabupaten Bangka Barat,102
49657,1820,56331,Kabupaten Bangka Selatan,Kabupaten Bangka Selatan,102
49658,1820,56332,Kabupaten Bangka Tengah,Kabupaten Bangka Tengah,102
49659,1820,56350,Kabupaten Belitung,Kabupaten Belitung,102
49660,1820,56351,Kabupaten Belitung Timur,Kabupaten Belitung Timur,102
49661,1820,56781,Kota Pangkal Pinang,Kota Pangkal Pinang,102
49662,1820,56859,Manggar,Manggar,102
49663,1820,56881,Muntok,Muntok,102
49664,1820,56912,Pangkalpinang,Pangkalpinang,102
49665,1820,57009,Sungailiat,Sungailiat,102
49666,1820,57017,Tanjung Pandan,Tanjung Pandan,102
49667,1807,56361,Kabupaten Bintan,Kabupaten Bintan,102
49668,1807,56441,Kabupaten Karimun,Kabupaten Karimun,102
49669,1807,56450,Kabupaten Kepulauan Anambas,Kabupaten Kepulauan Anambas,102
49670,1807,56495,Kabupaten Lingga,Kabupaten Lingga,102
49671,1807,56554,Kabupaten Natuna,Kabupaten Natuna,102
49672,1807,56716,Kijang,Kijang,102
49673,1807,56735,Kota Batam,Kota Batam,102
49674,1807,56808,Kota Tanjung Pinang,Kota Tanjung Pinang,102
49675,1807,57018,Tanjung Pinang,Tanjung Pinang,102
49676,1811,56195,Bandar Lampung,Bandar Lampung,102
49677,1811,56484,Kabupaten Lampung Barat,Kabupaten Lampung Barat,102
49678,1811,56485,Kabupaten Lampung Selatan,Kabupaten Lampung Selatan,102
49679,1811,56486,Kabupaten Lampung Tengah,Kabupaten Lampung Tengah,102
49680,1811,56487,Kabupaten Lampung Timur,Kabupaten Lampung Timur,102
49681,1811,56488,Kabupaten Lampung Utara,Kabupaten Lampung Utara,102
49682,1811,56534,Kabupaten Mesuji,Kabupaten Mesuji,102
49683,1811,56590,Kabupaten Pesawaran,Kabupaten Pesawaran,102
49684,1811,56591,Kabupaten Pesisir Barat,Kabupaten Pesisir Barat,102
49685,1811,56599,Kabupaten Pringsewu,Kabupaten Pringsewu,102
49686,1811,56667,Kabupaten Tanggamus,Kabupaten Tanggamus,102
49687,1811,56687,Kabupaten Tulangbawang,Kabupaten Tulangbawang,102
49688,1811,56691,Kabupaten Way Kanan,Kabupaten Way Kanan,102
49689,1811,56730,Kota Bandar Lampung,Kota Bandar Lampung,102
49690,1811,56771,Kota Metro,Kota Metro,102
49691,1811,56817,Kotabumi,Kotabumi,102
49692,1811,56871,Metro,Metro,102
49693,1811,57031,Terbanggi Besar,Terbanggi Besar,102
49694,1800,56175,Amahai,Amahai,102
49695,1800,56178,Ambon,Ambon,102
49696,1800,56384,Kabupaten Buru,Kabupaten Buru,102
49697,1800,56385,Kabupaten Buru Selatan,Kabupaten Buru Selatan,102
49698,1800,56451,Kabupaten Kepulauan Aru,Kabupaten Kepulauan Aru,102
49699,1800,56513,Kabupaten Maluku Barat Daya,Kabupaten Maluku Barat Daya,102
49700,1800,56514,Kabupaten Maluku Tengah,Kabupaten Maluku Tengah,102
49701,1800,56515,Kabupaten Maluku Tenggara,Kabupaten Maluku Tenggara,102
49702,1800,56516,Kabupaten Maluku Tenggara Barat,Kabupaten Maluku Tenggara Barat,102
49703,1800,56621,Kabupaten Seram Bagian Barat,Kabupaten Seram Bagian Barat,102
49704,1800,56622,Kabupaten Seram Bagian Timur,Kabupaten Seram Bagian Timur,102
49705,1800,56727,Kota Ambon,Kota Ambon,102
49706,1800,56815,Kota Tual,Kota Tual,102
49707,1800,57041,Tual,Tual,102
49708,1801,56271,East Halmahera Regency,East Halmahera Regency,102
49709,1801,56416,Kabupaten Halmahera Barat,Kabupaten Halmahera Barat,102
49710,1801,56417,Kabupaten Halmahera Selatan,Kabupaten Halmahera Selatan,102
49711,1801,56418,Kabupaten Halmahera Tengah,Kabupaten Halmahera Tengah,102
49712,1801,56419,Kabupaten Halmahera Utara,Kabupaten Halmahera Utara,102
49713,1801,56455,Kabupaten Kepulauan Sula,Kabupaten Kepulauan Sula,102
49714,1801,56602,Kabupaten Pulau Morotai,Kabupaten Pulau Morotai,102
49715,1801,56603,Kabupaten Pulau Taliabu,Kabupaten Pulau Taliabu,102
49716,1801,56812,Kota Ternate,Kota Ternate,102
49717,1801,56813,Kota Tidore Kepulauan,Kota Tidore Kepulauan,102
49718,1801,56990,Sofifi,Sofifi,102
49719,1801,57032,Ternate,Ternate,102
49720,1801,57033,Tobelo,Tobelo,102
49721,1814,56221,Bima,Bima,102
49722,1814,56267,Dompu,Dompu,102
49723,1814,56281,Gili Air,Gili Air,102
49724,1814,56360,Kabupaten Bima,Kabupaten Bima,102
49725,1814,56400,Kabupaten Dompu,Kabupaten Dompu,102
49726,1814,56496,Kabupaten Lombok Barat,Kabupaten Lombok Barat,102
49727,1814,56497,Kabupaten Lombok Tengah,Kabupaten Lombok Tengah,102
49728,1814,56498,Kabupaten Lombok Timur,Kabupaten Lombok Timur,102
49729,1814,56499,Kabupaten Lombok Utara,Kabupaten Lombok Utara,102
49730,1814,56652,Kabupaten Sumbawa,Kabupaten Sumbawa,102
49731,1814,56653,Kabupaten Sumbawa Barat,Kabupaten Sumbawa Barat,102
49732,1814,56740,Kota Bima,Kota Bima,102
49733,1814,56769,Kota Mataram,Kota Mataram,102
49734,1814,56831,Labuan Lombok,Labuan Lombok,102
49735,1814,56843,Lembar,Lembar,102
49736,1814,56865,Mataram,Mataram,102
49737,1814,56931,Pemenang,Pemenang,102
49738,1814,56938,Pototano,Pototano,102
49739,1814,56940,Praya,Praya,102
49740,1814,56966,Senggigi,Senggigi,102
49741,1814,57002,Sumbawa Besar,Sumbawa Besar,102
49742,1818,56184,Atambua,Atambua,102
49743,1818,56272,Ende,Ende,102
49744,1818,56319,Kabupaten Alor,Kabupaten Alor,102
49745,1818,56352,Kabupaten Belu,Kabupaten Belu,102
49746,1818,56403,Kabupaten Ende,Kabupaten Ende,102
49747,1818,56406,Kabupaten Flores Timur,Kabupaten Flores Timur,102
49748,1818,56475,Kabupaten Kupang,Kabupaten Kupang,102
49749,1818,56493,Kabupaten Lembata,Kabupaten Lembata,102
49750,1818,56510,Kabupaten Malaka,Kabupaten Malaka,102
49751,1818,56524,Kabupaten Manggarai,Kabupaten Manggarai,102
49752,1818,56525,Kabupaten Manggarai Barat,Kabupaten Manggarai Barat,102
49753,1818,56526,Kabupaten Manggarai Timur,Kabupaten Manggarai Timur,102
49754,1818,56553,Kabupaten Nagekeo,Kabupaten Nagekeo,102
49755,1818,56556,Kabupaten Ngada,Kabupaten Ngada,102
49756,1818,56613,Kabupaten Rote Ndao,Kabupaten Rote Ndao,102
49757,1818,56614,Kabupaten Sabu Raijua,Kabupaten Sabu Raijua,102
49758,1818,56632,Kabupaten Sikka,Kabupaten Sikka,102
49759,1818,56648,Kabupaten Sumba Barat,Kabupaten Sumba Barat,102
49760,1818,56649,Kabupaten Sumba Barat Daya,Kabupaten Sumba Barat Daya,102
49761,1818,56650,Kabupaten Sumba Tengah,Kabupaten Sumba Tengah,102
49762,1818,56651,Kabupaten Sumba Timur,Kabupaten Sumba Timur,102
49763,1818,56680,Kabupaten Timor Tengah Selatan,Kabupaten Timor Tengah Selatan,102
49764,1818,56681,Kabupaten Timor Tengah Utara,Kabupaten Timor Tengah Utara,102
49765,1818,56710,Kefamenanu,Kefamenanu,102
49766,1818,56721,Komodo,Komodo,102
49767,1818,56760,Kota Kupang,Kota Kupang,102
49768,1818,56826,Kupang,Kupang,102
49769,1818,56830,Labuan Bajo,Labuan Bajo,102
49770,1818,56866,Maumere,Maumere,102
49771,1818,56883,Naisano Dua,Naisano Dua,102
49772,1818,56956,Ruteng,Ruteng,102
49773,1818,56989,Soe,Soe,102
49774,1818,57048,Waingapu,Waingapu,102
49775,1798,56173,Abepura,Abepura,102
49776,1798,56220,Biak,Biak,102
49777,1798,56292,Insrom,Insrom,102
49778,1798,56299,Jayapura,Jayapura,102
49779,1798,56321,Kabupaten Asmat,Kabupaten Asmat,102
49780,1798,56359,Kabupaten Biak Numfor,Kabupaten Biak Numfor,102
49781,1798,56376,Kabupaten Boven Digoel,Kabupaten Boven Digoel,102
49782,1798,56395,Kabupaten Deiyai,Kabupaten Deiyai,102
49783,1798,56399,Kabupaten Dogiyai,Kabupaten Dogiyai,102
49784,1798,56427,Kabupaten Intan Jaya,Kabupaten Intan Jaya,102
49785,1798,56428,Kabupaten Jayapura,Kabupaten Jayapura,102
49786,1798,56429,Kabupaten Jayawijaya,Kabupaten Jayawijaya,102
49787,1798,56447,Kabupaten Keerom,Kabupaten Keerom,102
49788,1798,56457,Kabupaten Kepulauan Yapen,Kabupaten Kepulauan Yapen,102
49789,1798,56490,Kabupaten Lanny Jaya,Kabupaten Lanny Jaya,102
49790,1798,56518,Kabupaten Mamberamo Raya,Kabupaten Mamberamo Raya,102
49791,1798,56519,Kabupaten Mamberamo Tengah,Kabupaten Mamberamo Tengah,102
49792,1798,56529,Kabupaten Mappi,Kabupaten Mappi,102
49793,1798,56533,Kabupaten Merauke,Kabupaten Merauke,102
49794,1798,56535,Kabupaten Mimika,Kabupaten Mimika,102
49795,1798,56551,Kabupaten Nabire,Kabupaten Nabire,102
49796,1798,56555,Kabupaten Nduga,Kabupaten Nduga,102
49797,1798,56577,Kabupaten Paniai,Kabupaten Paniai,102
49798,1798,56584,Kabupaten Pegunungan Bintang,Kabupaten Pegunungan Bintang,102
49799,1798,56604,Kabupaten Puncak Jaya,Kabupaten Puncak Jaya,102
49800,1798,56617,Kabupaten Sarmi,Kabupaten Sarmi,102
49801,1798,56656,Kabupaten Supiori,Kabupaten Supiori,102
49802,1798,56683,Kabupaten Tolikara,Kabupaten Tolikara,102
49803,1798,56690,Kabupaten Waropen,Kabupaten Waropen,102
49804,1798,56694,Kabupaten Yahukimo,Kabupaten Yahukimo,102
49805,1798,56695,Kabupaten Yalimo,Kabupaten Yalimo,102
49806,1798,56756,Kota Jayapura,Kota Jayapura,102
49807,1798,56882,Nabire,Nabire,102
49808,1799,56405,Kabupaten Fakfak,Kabupaten Fakfak,102
49809,1799,56435,Kabupaten Kaimana,Kabupaten Kaimana,102
49810,1799,56527,Kabupaten Manokwari,Kabupaten Manokwari,102
49811,1799,56528,Kabupaten Manokwari Selatan,Kabupaten Manokwari Selatan,102
49812,1799,56531,Kabupaten Maybrat,Kabupaten Maybrat,102
49813,1799,56608,Kabupaten Raja Ampat,Kabupaten Raja Ampat,102
49814,1799,56641,Kabupaten Sorong,Kabupaten Sorong,102
49815,1799,56642,Kabupaten Sorong Selatan,Kabupaten Sorong Selatan,102
49816,1799,56660,Kabupaten Tambrauw,Kabupaten Tambrauw,102
49817,1799,56677,Kabupaten Teluk Bintuni,Kabupaten Teluk Bintuni,102
49818,1799,56678,Kabupaten Teluk Wondama,Kabupaten Teluk Wondama,102
49819,1799,56799,Kota Sorong,Kota Sorong,102
49820,1799,56860,Manokwari,Manokwari,102
49821,1799,56995,Sorong,Sorong,102
49822,1809,56188,Balaipungut,Balaipungut,102
49823,1809,56208,Batam,Batam,102
49824,1809,56270,Dumai,Dumai,102
49825,1809,56354,Kabupaten Bengkalis,Kabupaten Bengkalis,102
49826,1809,56424,Kabupaten Indragiri Hilir,Kabupaten Indragiri Hilir,102
49827,1809,56425,Kabupaten Indragiri Hulu,Kabupaten Indragiri Hulu,102
49828,1809,56436,Kabupaten Kampar,Kabupaten Kampar,102
49829,1809,56453,Kabupaten Kepulauan Meranti,Kabupaten Kepulauan Meranti,102
49830,1809,56471,Kabupaten Kuantan Singingi,Kabupaten Kuantan Singingi,102
49831,1809,56586,Kabupaten Pelalawan,Kabupaten Pelalawan,102
49832,1809,56611,Kabupaten Rokan Hilir,Kabupaten Rokan Hilir,102
49833,1809,56612,Kabupaten Rokan Hulu,Kabupaten Rokan Hulu,102
49834,1809,56626,Kabupaten Siak,Kabupaten Siak,102
49835,1809,56752,Kota Dumai,Kota Dumai,102
49836,1809,56787,Kota Pekanbaru,Kota Pekanbaru,102
49837,1809,56927,Pekanbaru,Pekanbaru,102
49838,1817,56509,Kabupaten Majene,Kabupaten Majene,102
49839,1817,56517,Kabupaten Mamasa,Kabupaten Mamasa,102
49840,1817,56520,Kabupaten Mamuju,Kabupaten Mamuju,102
49841,1817,56521,Kabupaten Mamuju Tengah,Kabupaten Mamuju Tengah,102
49842,1817,56522,Kabupaten Mamuju Utara,Kabupaten Mamuju Utara,102
49843,1817,56596,Kabupaten Polewali Mandar,Kabupaten Polewali Mandar,102
49844,1817,56854,Majene,Majene,102
49845,1817,56857,Mamuju,Mamuju,102
49846,1817,56935,Polewali,Polewali,102
49847,1795,56273,Galesong,Galesong,102
49848,1795,56337,Kabupaten Bantaeng,Kabupaten Bantaeng,102
49849,1795,56345,Kabupaten Barru,Kabupaten Barru,102
49850,1795,56374,Kabupaten Bone,Kabupaten Bone,102
49851,1795,56380,Kabupaten Bulukumba,Kabupaten Bulukumba,102
49852,1795,56404,Kabupaten Enrekang,Kabupaten Enrekang,102
49853,1795,56412,Kabupaten Gowa,Kabupaten Gowa,102
49854,1795,56432,Kabupaten Jeneponto,Kabupaten Jeneponto,102
49855,1795,56501,Kabupaten Luwu,Kabupaten Luwu,102
49856,1795,56502,Kabupaten Luwu Timur,Kabupaten Luwu Timur,102
49857,1795,56503,Kabupaten Luwu Utara,Kabupaten Luwu Utara,102
49858,1795,56530,Kabupaten Maros,Kabupaten Maros,102
49859,1795,56576,Kabupaten Pangkajene Dan Kepulauan,Kabupaten Pangkajene Dan Kepulauan,102
49860,1795,56594,Kabupaten Pinrang,Kabupaten Pinrang,102
49861,1795,56628,Kabupaten Sidenreng Rappang,Kabupaten Sidenreng Rappang,102
49862,1795,56635,Kabupaten Sinjai,Kabupaten Sinjai,102
49863,1795,56640,Kabupaten Soppeng,Kabupaten Soppeng,102
49864,1795,56659,Kabupaten Takalar,Kabupaten Takalar,102
49865,1795,56662,Kabupaten Tana Toraja,Kabupaten Tana Toraja,102
49866,1795,56684,Kabupaten Toraja Utara,Kabupaten Toraja Utara,102
49867,1795,56689,Kabupaten Wajo,Kabupaten Wajo,102
49868,1795,56766,Kota Makassar,Kota Makassar,102
49869,1795,56779,Kota Palopo,Kota Palopo,102
49870,1795,56782,Kota Parepare,Kota Parepare,102
49871,1795,56855,Makassar,Makassar,102
49872,1795,56863,Maros,Maros,102
49873,1795,56900,Palopo,Palopo,102
49874,1795,56916,Parepare,Parepare,102
49875,1795,56952,Rantepao,Rantepao,102
49876,1795,56963,Selayar Islands Regency,Selayar Islands Regency,102
49877,1795,56967,Sengkang,Sengkang,102
49878,1795,56985,Sinjai,Sinjai,102
49879,1795,57052,Watampone,Watampone,102
49880,1813,56326,Kabupaten Banggai,Kabupaten Banggai,102
49881,1813,56327,Kabupaten Banggai Kepulauan,Kabupaten Banggai Kepulauan,102
49882,1813,56328,Kabupaten Banggai Laut,Kabupaten Banggai Laut,102
49883,1813,56383,Kabupaten Buol,Kabupaten Buol,102
49884,1813,56401,Kabupaten Donggala,Kabupaten Donggala,102
49885,1813,56541,Kabupaten Morowali Utara,Kabupaten Morowali Utara,102
49886,1813,56578,Kabupaten Parigi Moutong,Kabupaten Parigi Moutong,102
49887,1813,56598,Kabupaten Poso,Kabupaten Poso,102
49888,1813,56630,Kabupaten Sigi,Kabupaten Sigi,102
49889,1813,56682,Kabupaten Toli-Toli,Kabupaten Toli-Toli,102
49890,1813,56780,Kota Palu,Kota Palu,102
49891,1813,56849,Luwuk,Luwuk,102
49892,1813,56876,Morowali Regency,Morowali Regency,102
49893,1813,56901,Palu,Palu,102
49894,1813,56937,Poso,Poso,102
49895,1813,57034,Tojo Una-Una Regency,Tojo Una-Una Regency,102
49896,1796,56372,Kabupaten Bombana,Kabupaten Bombana,102
49897,1796,56386,Kabupaten Buton,Kabupaten Buton,102
49898,1796,56387,Kabupaten Buton Selatan,Kabupaten Buton Selatan,102
49899,1796,56388,Kabupaten Buton Tengah,Kabupaten Buton Tengah,102
49900,1796,56389,Kabupaten Buton Utara,Kabupaten Buton Utara,102
49901,1796,56461,Kabupaten Kolaka,Kabupaten Kolaka,102
49902,1796,56462,Kabupaten Kolaka Timur,Kabupaten Kolaka Timur,102
49903,1796,56463,Kabupaten Kolaka Utara,Kabupaten Kolaka Utara,102
49904,1796,56464,Kabupaten Konawe,Kabupaten Konawe,102
49905,1796,56465,Kabupaten Konawe Kepulauan,Kabupaten Konawe Kepulauan,102
49906,1796,56466,Kabupaten Konawe Selatan,Kabupaten Konawe Selatan,102
49907,1796,56467,Kabupaten Konawe Utara,Kabupaten Konawe Utara,102
49908,1796,56545,Kabupaten Muna,Kabupaten Muna,102
49909,1796,56546,Kabupaten Muna Barat,Kabupaten Muna Barat,102
49910,1796,56703,Katabu,Katabu,102
49911,1796,56712,Kendari,Kendari,102
49912,1796,56737,Kota Baubau,Kota Baubau,102
49913,1796,56758,Kota Kendari,Kota Kendari,102
49914,1796,57049,Wakatobi Regency,Wakatobi Regency,102
49915,1808,56368,Kabupaten Bolaang Mongondow,Kabupaten Bolaang Mongondow,102
49916,1808,56369,Kabupaten Bolaang Mongondow Selatan,Kabupaten Bolaang Mongondow Selatan,102
49917,1808,56370,Kabupaten Bolaang Mongondow Timur,Kabupaten Bolaang Mongondow Timur,102
49918,1808,56371,Kabupaten Bolaang Mongondow Utara,Kabupaten Bolaang Mongondow Utara,102
49919,1808,56454,Kabupaten Kepulauan Sangihe,Kabupaten Kepulauan Sangihe,102
49920,1808,56456,Kabupaten Kepulauan Talaud,Kabupaten Kepulauan Talaud,102
49921,1808,56536,Kabupaten Minahasa,Kabupaten Minahasa,102
49922,1808,56537,Kabupaten Minahasa Selatan,Kabupaten Minahasa Selatan,102
49923,1808,56538,Kabupaten Minahasa Tenggara,Kabupaten Minahasa Tenggara,102
49924,1808,56539,Kabupaten Minahasa Utara,Kabupaten Minahasa Utara,102
49925,1808,56627,Kabupaten Siau Tagulandang Biaro,Kabupaten Siau Tagulandang Biaro,102
49926,1808,56742,Kota Bitung,Kota Bitung,102
49927,1808,56759,Kota Kotamobagu,Kota Kotamobagu,102
49928,1808,56768,Kota Manado,Kota Manado,102
49929,1808,56814,Kota Tomohon,Kota Tomohon,102
49930,1808,56835,"Laikit, Laikit II (Dimembe)","Laikit, Laikit II (Dimembe)",102
49931,1808,56858,Manado,Manado,102
49932,1808,57035,Tomohon,Tomohon,102
49933,1808,57037,Tondano,Tondano,102
49934,1828,56234,Bukittinggi,Bukittinggi,102
49935,1828,56318,Kabupaten Agam,Kabupaten Agam,102
49936,1828,56398,Kabupaten Dharmasraya,Kabupaten Dharmasraya,102
49937,1828,56452,Kabupaten Kepulauan Mentawai,Kabupaten Kepulauan Mentawai,102
49938,1828,56494,Kabupaten Lima Puluh Kota,Kabupaten Lima Puluh Kota,102
49939,1828,56571,Kabupaten Padang Pariaman,Kabupaten Padang Pariaman,102
49940,1828,56579,Kabupaten Pasaman,Kabupaten Pasaman,102
49941,1828,56580,Kabupaten Pasaman Barat,Kabupaten Pasaman Barat,102
49942,1828,56592,Kabupaten Pesisir Selatan,Kabupaten Pesisir Selatan,102
49943,1828,56631,Kabupaten Sijunjung,Kabupaten Sijunjung,102
49944,1828,56638,Kabupaten Solok,Kabupaten Solok,102
49945,1828,56639,Kabupaten Solok Selatan,Kabupaten Solok Selatan,102
49946,1828,56664,Kabupaten Tanah Datar,Kabupaten Tanah Datar,102
49947,1828,56746,Kota Bukittinggi,Kota Bukittinggi,102
49948,1828,56773,Kota Padang,Kota Padang,102
49949,1828,56774,Kota Padang Panjang,Kota Padang Panjang,102
49950,1828,56783,Kota Pariaman,Kota Pariaman,102
49951,1828,56785,Kota Payakumbuh,Kota Payakumbuh,102
49952,1828,56794,Kota Sawah Lunto,Kota Sawah Lunto,102
49953,1828,56798,Kota Solok,Kota Solok,102
49954,1828,56893,Padang,Padang,102
49955,1828,56917,Pariaman,Pariaman,102
49956,1828,56923,Payakumbuh,Payakumbuh,102
49957,1828,56977,Sijunjung,Sijunjung,102
49958,1828,56993,Solok,Solok,102
49959,1816,56212,Baturaja,Baturaja,102
49960,1816,56402,Kabupaten Empat Lawang,Kabupaten Empat Lawang,102
49961,1816,56542,Kabupaten Muara Enim,Kabupaten Muara Enim,102
49962,1816,56548,Kabupaten Musi Banyuasin,Kabupaten Musi Banyuasin,102
49963,1816,56549,Kabupaten Musi Rawas,Kabupaten Musi Rawas,102
49964,1816,56550,Kabupaten Musi Rawas Utara,Kabupaten Musi Rawas Utara,102
49965,1816,56563,Kabupaten Ogan Ilir,Kabupaten Ogan Ilir,102
49966,1816,56564,Kabupaten Ogan Komering Ilir,Kabupaten Ogan Komering Ilir,102
49967,1816,56565,Kabupaten Ogan Komering Ulu,Kabupaten Ogan Komering Ulu,102
49968,1816,56566,Kabupaten Ogan Komering Ulu Selatan,Kabupaten Ogan Komering Ulu Selatan,102
49969,1816,56567,Kabupaten Ogan Komering Ulu Timur,Kabupaten Ogan Komering Ulu Timur,102
49970,1816,56589,Kabupaten Penukal Abab Lematang Ilir,Kabupaten Penukal Abab Lematang Ilir,102
49971,1816,56763,Kota Lubuklinggau,Kota Lubuklinggau,102
49972,1816,56776,Kota Pagar Alam,Kota Pagar Alam,102
49973,1816,56778,Kota Palembang,Kota Palembang,102
49974,1816,56789,Kota Prabumulih,Kota Prabumulih,102
49975,1816,56833,Lahat,Lahat,102
49976,1816,56834,Lahat Regency,Lahat Regency,102
49977,1816,56847,Lubuklinggau,Lubuklinggau,102
49978,1816,56895,Pagar Alam,Pagar Alam,102
49979,1816,56898,Palembang,Palembang,102
49980,1816,56939,Prabumulih,Prabumulih,102
49981,1816,57020,Tanjungagung,Tanjungagung,102
49982,1792,56177,Ambarita,Ambarita,102
49983,1792,56194,Bandar,Bandar,102
49984,1792,56216,Belawan,Belawan,102
49985,1792,56218,Berastagi,Berastagi,102
49986,1792,56222,Binjai,Binjai,102
49987,1792,56261,Deli Tua,Deli Tua,102
49988,1792,56290,Gunungsitoli,Gunungsitoli,102
49989,1792,56306,Kabanjahe,Kabanjahe,102
49990,1792,56320,Kabupaten Asahan,Kabupaten Asahan,102
49991,1792,56348,Kabupaten Batu Bara,Kabupaten Batu Bara,102
49992,1792,56394,Kabupaten Dairi,Kabupaten Dairi,102
49993,1792,56396,Kabupaten Deli Serdang,Kabupaten Deli Serdang,102
49994,1792,56423,Kabupaten Humbang Hasundutan,Kabupaten Humbang Hasundutan,102
49995,1792,56442,Kabupaten Karo,Kabupaten Karo,102
49996,1792,56479,Kabupaten Labuhan Batu,Kabupaten Labuhan Batu,102
49997,1792,56480,Kabupaten Labuhan Batu Selatan,Kabupaten Labuhan Batu Selatan,102
49998,1792,56481,Kabupaten Labuhan Batu Utara,Kabupaten Labuhan Batu Utara,102
49999,1792,56489,Kabupaten Langkat,Kabupaten Langkat,102
50000,1792,56523,Kabupaten Mandailing Natal,Kabupaten Mandailing Natal,102
50001,1792,56559,Kabupaten Nias,Kabupaten Nias,102
50002,1792,56560,Kabupaten Nias Barat,Kabupaten Nias Barat,102
50003,1792,56561,Kabupaten Nias Utara,Kabupaten Nias Utara,102
50004,1792,56569,Kabupaten Padang Lawas,Kabupaten Padang Lawas,102
50005,1792,56570,Kabupaten Padang Lawas Utara,Kabupaten Padang Lawas Utara,102
50006,1792,56572,Kabupaten Pakpak Bharat,Kabupaten Pakpak Bharat,102
50007,1792,56615,Kabupaten Samosir,Kabupaten Samosir,102
50008,1792,56624,Kabupaten Serdang Bedagai,Kabupaten Serdang Bedagai,102
50009,1792,56633,Kabupaten Simalungun,Kabupaten Simalungun,102
50010,1792,56670,Kabupaten Tapanuli Selatan,Kabupaten Tapanuli Selatan,102
50011,1792,56671,Kabupaten Tapanuli Tengah,Kabupaten Tapanuli Tengah,102
50012,1792,56672,Kabupaten Tapanuli Utara,Kabupaten Tapanuli Utara,102
50013,1792,56717,Kisaran,Kisaran,102
50014,1792,56741,Kota Binjai,Kota Binjai,102
50015,1792,56754,Kota Gunungsitoli,Kota Gunungsitoli,102
50016,1792,56770,Kota Medan,Kota Medan,102
50017,1792,56775,Kota Padangsidimpuan,Kota Padangsidimpuan,102
50018,1792,56788,Kota Pematang Siantar,Kota Pematang Siantar,102
50019,1792,56797,Kota Sibolga,Kota Sibolga,102
50020,1792,56807,Kota Tanjung Balai,Kota Tanjung Balai,102
50021,1792,56810,Kota Tebing Tinggi,Kota Tebing Tinggi,102
50022,1792,56832,Labuhan Deli,Labuhan Deli,102
50023,1792,56867,Medan,Medan,102
50024,1792,56894,Padangsidempuan,Padangsidempuan,102
50025,1792,56910,Pangkalan Brandan,Pangkalan Brandan,102
50026,1792,56914,Parapat,Parapat,102
50027,1792,56926,Pekan Bahapal,Pekan Bahapal,102
50028,1792,56930,Pematangsiantar,Pematangsiantar,102
50029,1792,56932,Perbaungan,Perbaungan,102
50030,1792,56933,Percut,Percut,102
50031,1792,56951,Rantauprapat,Rantauprapat,102
50032,1792,56973,Sibolga,Sibolga,102
50033,1792,57000,Stabat,Stabat,102
50034,1792,57010,Sunggal,Sunggal,102
50035,1792,57021,Tanjungbalai,Tanjungbalai,102
50036,1792,57022,Tanjungtiram,Tanjungtiram,102
50037,1792,57027,Tebingtinggi,Tebingtinggi,102
50038,1792,57029,Teluk Nibung,Teluk Nibung,102
50039,1792,57036,Tomok Bolon,Tomok Bolon,102
50040,1792,57038,Tongging,Tongging,102
50041,1792,57043,Tuktuk Sonak,Tuktuk Sonak,102
